{
  "bin_thresholds": {
    "0": {
      "raw_min": -34.557644738989005,
      "raw_max": -12.25689002676898
    },
    "5": {
      "raw_min": -12.256449205029776,
      "raw_max": -10.228326178017307
    },
    "10": {
      "raw_min": -10.228070807089981,
      "raw_max": -8.523316841965517
    },
    "15": {
      "raw_min": -8.523264937536295,
      "raw_max": -6.992469047026364
    },
    "20": {
      "raw_min": -6.992341835311638,
      "raw_max": -5.589100313913185
    },
    "25": {
      "raw_min": -5.589096093740845,
      "raw_max": -4.227047288789661
    },
    "30": {
      "raw_min": -4.2268596488487935,
      "raw_max": -2.9009253041764826
    },
    "35": {
      "raw_min": -2.900884880962059,
      "raw_max": -1.5867300587287474
    },
    "40": {
      "raw_min": -1.586578235060157,
      "raw_max": -0.2255258071541778
    },
    "45": {
      "raw_min": -0.22485985151908588,
      "raw_max": 0.9869524618242735
    },
    "50": {
      "raw_min": 0.9871511125802823,
      "raw_max": 2.1632546206382215
    },
    "55": {
      "raw_min": 2.163529557833384,
      "raw_max": 3.2545776766578602
    },
    "60": {
      "raw_min": 3.2545916002906865,
      "raw_max": 4.264916393131032
    },
    "65": {
      "raw_min": 4.265246988655297,
      "raw_max": 5.185595000699269
    },
    "70": {
      "raw_min": 5.185664564303814,
      "raw_max": 6.120048231629198
    },
    "75": {
      "raw_min": 6.120170468693373,
      "raw_max": 7.063774009598926
    },
    "80": {
      "raw_min": 7.063796578360124,
      "raw_max": 8.064057584499881
    },
    "85": {
      "raw_min": 8.064092521866046,
      "raw_max": 9.155310722950004
    },
    "90": {
      "raw_min": 9.155511813451273,
      "raw_max": 10.403933172341832
    },
    "95": {
      "raw_min": 10.403936445566115,
      "raw_max": 11.90377673942707
    },
    "100": {
      "raw_min": 11.903894448614835,
      "raw_max": 31.992948883110515
    }
  }
}